<?xml version="1.0" encoding="UTF-8"?>
<project-private xmlns="http://www.netbeans.org/ns/project-private/1">
    <editor-bookmarks xmlns="http://www.netbeans.org/ns/editor-bookmarks/2" lastBookmarkId="0"/>
    <open-files xmlns="http://www.netbeans.org/ns/projectui-open-files/2">
        <group>
            <file>file:/C:/xampp/htdocs/ProyectoEstadias/php_files/database.php</file>
            <file>file:/C:/xampp/htdocs/ProyectoEstadias/index.html</file>
            <file>file:/C:/xampp/htdocs/ProyectoEstadias/index1.php</file>
            <file>file:/C:/xampp/htdocs/ProyectoEstadias/Login.php</file>
            <file>file:/C:/xampp/htdocs/ProyectoEstadias/index3.php</file>
            <file>file:/C:/xampp/htdocs/ProyectoEstadias/index2.php</file>
        </group>
    </open-files>
</project-private>
