<?xml version="1.0" encoding="UTF-8"?>
<project-private xmlns="http://www.netbeans.org/ns/project-private/1">
    <editor-bookmarks xmlns="http://www.netbeans.org/ns/editor-bookmarks/2" lastBookmarkId="0"/>
    <open-files xmlns="http://www.netbeans.org/ns/projectui-open-files/2">
        <group>
            <file>file:/C:/xampp/htdocs/ProyectoEstadias/indexEmpresa.php</file>
            <file>file:/C:/xampp/htdocs/ProyectoEstadias/php_files/lib_empresas.php</file>
            <file>file:/C:/xampp/htdocs/ProyectoEstadias/Registro_Empresas.php</file>
            <file>file:/C:/xampp/htdocs/ProyectoEstadias/Empresa.php</file>
        </group>
    </open-files>
</project-private>
