<?xml version="1.0" encoding="UTF-8"?>
<project-private xmlns="http://www.netbeans.org/ns/project-private/1">
    <editor-bookmarks xmlns="http://www.netbeans.org/ns/editor-bookmarks/2" lastBookmarkId="0"/>
    <open-files xmlns="http://www.netbeans.org/ns/projectui-open-files/2">
        <group>
            <file>file:/C:/xampp/htdocs/ProyectoEstadias/consultarusuario.php</file>
            <file>file:/C:/xampp/htdocs/ProyectoEstadias/php_files/login.php</file>
            <file>file:/C:/xampp/htdocs/ProyectoEstadias/php_files/insertaEmpresa.php</file>
            <file>file:/C:/xampp/htdocs/ProyectoEstadias/Postulacion.php</file>
            <file>file:/C:/xampp/htdocs/ProyectoEstadias/php_files/lib_empresas.php</file>
            <file>file:/C:/xampp/htdocs/ProyectoEstadias/php_files/lib_post.php</file>
            <file>file:/C:/xampp/htdocs/ProyectoEstadias/functions.php</file>
            <file>file:/C:/xampp/htdocs/ProyectoEstadias/PropuestasEmp.php</file>
            <file>file:/C:/xampp/htdocs/ProyectoEstadias/Postulaciones.php</file>
            <file>file:/C:/xampp/htdocs/ProyectoEstadias/Empresa.php</file>
            <file>file:/C:/xampp/htdocs/ProyectoEstadias/php_files/libreria.php</file>
        </group>
    </open-files>
</project-private>
